EMPLOYEE_ID,FIRST_NAME,LAST_NAME,EMAIL,PHONE_NUMBER,HIRE_DATE,JOB_ID,SALARY,COMMISSION_PCT,MANAGER_ID,DEPARTMENT_ID
101,Neena,Kochhar,NKOCHHAR,515.123.4568,21-SEP-05,AD_VP,17000, - ,100,90
102,Lex,De Haan,LDEHAAN,515.123.4569,13-JAN-01,AD_VP,17000, - ,100,90
103,Alexander,Hunold,AHUNOLD,590.423.4567,03-JAN-06,IT_PROG,9000, - ,102,60
104,Bruce,Ernst,BERNST,590.423.4568,21-MAY-07,IT_PROG,6000, - ,103,60
105,David,Austin,DAUSTIN,590.423.4569,25-JUN-05,IT_PROG,4800, - ,103,60
106,Valli,Pataballa,VPATABAL,590.423.4560,05-FEB-06,IT_PROG,4800, - ,103,60
107,Diana,Lorentz,DLORENTZ,590.423.5567,07-FEB-07,IT_PROG,4200, - ,103,60
108,Nancy,Greenberg,NGREENBE,515.124.4569,17-AUG-02,FI_MGR,12008, - ,101,100
109,Daniel,Faviet,DFAVIET,515.124.4169,16-AUG-02,FI_ACCOUNT,9000, - ,108,100
110,John,Chen,JCHEN,515.124.4269,28-SEP-05,FI_ACCOUNT,8200, - ,108,100
111,Ismael,Sciarra,ISCIARRA,515.124.4369,30-SEP-05,FI_ACCOUNT,7700, - ,108,100
112,Jose Manuel,Urman,JMURMAN,515.124.4469,07-MAR-06,FI_ACCOUNT,7800, - ,108,100
113,Luis,Popp,LPOPP,515.124.4567,07-DEC-07,FI_ACCOUNT,6900, - ,108,100
114,Den,Raphaely,DRAPHEAL,515.127.4561,07-DEC-02,PU_MAN,11000, - ,100,30
115,Alexander,Khoo,AKHOO,515.127.4562,18-MAY-03,PU_CLERK,3100, - ,114,30
